交易日期,股票数量,买入股票代码,买入股票名称,选股下周期涨跌幅,选股下周期每天涨跌幅,资金曲线
2010-01-29,3,sh600327 sz000011 sz002037 ,大厦股份 深物业A 久联发展 ,0.04790000314868825,"[-0.011138684024503465, -0.007844065242677, 0.026711458128000132, 0.000540340755276647, -0.031016323661849143, 0.01056207653683039, -0.009007704622037038, 0.010363795009002974, 0.0002462392247353229, 0.02028950183017786, -0.007861688910181241, -0.006959808663143163, 0.030325469293011942, 0.02496284971838114, -0.001283914449528134]",1.0479000031486883
2010-02-26,3,sh600327 sh600665 sz002037 ,大厦股份 天地源 久联发展 ,0.0397277676142731,"[0.006047221406741299, -0.0017610318510856704, 0.002380231535760169, -0.017947626986351994, -0.0029060057676068007, 0.02200478571049236, -0.005654193562209753, -0.02422247251533549, 0.012257895621325288, -0.02710603956787927, -0.013860638372198752, 0.013369023755849918, 0.023979820978985655, 0.007345787539933868, 0.007344058421587807, 0.007970628606929209, -0.0049828627583810015, 0.022479329661831304, -0.01958121928729961, 0.013436861828479918, 0.015497475360703561, 0.006920954049598249, -0.001618776399830102]",1.0895307309567754
2010-03-31,3,sh600327 sh600708 sz002133 ,大厦股份 海博股份 广宇集团 ,-0.058824562145121995,"[0.013024119770553844, -0.00017311591880153632, -0.0036444025068637087, 0.0022242034347297324, 0.0002414182668166731, 0.012142471682864642, 0.02867963544684171, 0.007394071616265707, -0.009312288400310731, -0.017715000319266094, -0.01480990871747323, -0.059425274150124, 0.011776985964511821, 0.0547373143056713, -0.007708397223696761, 0.0016537146302360028, 0.015287260218050935, -0.04719243996708111, -0.011256799878728518, -0.019004798409813395, -0.011668722813075627]",1.0254395627645885
2010-04-30,3,sh600327 sz000040 sz000880 ,大厦股份 深鸿基 潍柴重机 ,-0.076025547760736,"[0.02262487749804709, 0.024187797605530914, -0.026331340611670195, -0.016284721036021077, -0.009217209203113419, -0.03779598004609519, -0.030290352571947676, 0.026449807534985492, -0.0063553924332093725, -0.06650412717529064, 0.01371952472572846, 0.000910292753211861, -0.012443947798531751, 0.026225470022408492, 0.04912439245753775, 0.0008419899345872839, 0.011275972262289269, 0.008245681336815469, 0.0022931202128959605, -0.05163821559140347]",0.947479958309881
2010-05-31,3,sh600272 sh600327 sz000880 ,开开实业 大厦股份 潍柴重机 ,-0.05704249686107066,"[0.007216967934993379, 0.019235546499310585, -0.015337098423634177, 0.01753411315729303, 0.007919948623381412, 0.010593037317158327, 0.0315642269766061, -0.004698768328659231, -0.010961319451848972, -0.004643489959612279, -0.03949170810918601, 0.02714491503088068, 0.0031597899427131537, -0.005937340411815928, 0.006467371309405001, -0.007269750352370097, -0.02520009930534739, -0.06756638446126728, -0.0033749301357421935]",0.8934333357620622
2010-06-30,3,sh600272 sh600327 sz000880 ,开开实业 大厦股份 潍柴重机 ,0.12726298794825874,"[-0.0246304497629245, -0.019066093732614364, 0.002306961089650894, 0.025379826100238922, 0.011521418262735894, 0.003125246249935154, 0.02544201170901972, 0.008108008916009934, -0.00802021557960464, 0.03496719135647064, -0.03597572828945672, 0.015169500540949343, 0.03164414105730118, 0.014953471520650075, -0.009270655010473416, 0.019053947683637773, -0.0019321998332020307, 0.01191576314243159, 0.0008889847346811308, 0.029553340033499964, -0.004325401765794767, -0.007017495406878238]",1.007134331603722
2010-07-30,3,sh600327 sh600572 sz000880 ,大厦股份 康恩贝 潍柴重机 ,0.13940219317515012,"[0.05350072877141998, -0.02357374589891481, 0.0019141561267823626, 0.030368778187455536, 0.017120305897452726, 0.007111278036645574, -0.04453007406615206, 0.0004384745019485603, -0.016006586614034424, 0.02758310358305338, 0.03174014947101855, 0.012403799546917282, 0.010371149603776386, -0.0033197321005061786, -0.030753151627013864, 0.002885986518994521, 0.016232822356548438, -0.0026002104255216096, 0.0049059498619581365, 0.012193652275307443, 0.030056378083718638, -0.0019464253771851459]",1.1475310662512697
2010-08-31,3,sh600712 sh600960 sz002133 ,南宁百货 滨州活塞 广宇集团 ,-0.010018934399804502,"[-0.004522905378140596, 0.014239193941779416, 0.0039956727754295596, -0.003185357543427192, 0.00441928634835298, 0.014671778599440799, -0.040707463565078594, -0.006258390738616115, 0.02623368877087784, 0.007596596473322448, -0.01847712959878245, -0.010023656481274124, 0.0005916087532598091, 0.001223664570897176, -0.007206198505420924, 0.03038642478970255, -0.019539809453512746, -0.017044990816220018, 0.016189868594423507]",1.1360340277767604
2010-09-30,3,sh600686 sh600712 sz002133 ,金龙汽车 南宁百货 广宇集团 ,0.0705640730387056,"[0.0067078604633279415, 0.017677535190075977, 0.008469995266525032, 0.01943212923182802, -0.04839729665268189, -0.0018472532882312098, 0.010968202639164648, 0.029765874157991146, -0.0017790660292181792, 0.004236422341935109, 0.022049999805763942, 0.01628871933967635, -0.011616352399341334, -0.00305638764538696, 0.009238420581910711, -0.0073246383091133405]",1.2161972158872547
2010-10-29,3,sh600960 sz000880 sz002126 ,滨州活塞 潍柴重机 银轮股份 ,-0.015672575710866332,"[0.021971240710213058, -0.022768134558880937, -0.0021697697164092533, 0.011273648372369882, 0.006368161129743921, 0.019757155879447597, 0.01867915391493935, 0.003690654497263024, -0.0038460041936285716, -0.08449930734572764, 0.019006740708148007, -0.030648243990229473, -0.04280289037033891, 0.01668978787748765, 0.026089587744065446, 0.017805510185081808, 0.0029032669269988265, 0.023775040478170695, 0.005359458899953706, -0.009252202461881298, 0.025005556907124582, -0.03009505939612067]",1.1971362729419168
2010-11-30,3,sh600960 sz000880 sz002126 ,滨州活塞 潍柴重机 银轮股份 ,0.029132872819227273,"[-0.003979809178877303, 0.016444616851836402, -0.015856769091622258, -0.024768843129025053, 0.016506349017513022, -0.012252903636650547, -0.017456417146792358, 0.008560536132819152, 0.03737639647195956, 0.029379166240316223, 0.009805922498138164, 0.006353192096501203, 0.01246062415663296, 0.018872137667761635, 0.0025726505251475462, -0.014487144967016974, -0.014485062216072486, -0.02132681084257726, -0.02326842548383823, -0.015970935813740095, 0.021329201000426457, 0.002015798946827685, 0.014480333551886382]",1.2320122917288174
2010-12-31,3,sh600960 sz000880 sz002126 ,滨州活塞 潍柴重机 银轮股份 ,0.09986533473207682,"[0.030299681322231597, 0.018025274480355735, -0.006705985587559082, -0.0015243214891242918, 0.005909274680630627, -0.005262776523425661, 0.031646639400935817, 0.007208352264111317, -0.015506291648979875, -0.044831506068990445, 0.021913831724865496, 0.026649846739860594, -0.04496859009208354, 0.05201169269063732, -0.02618526047283609, -0.02591733882929248, 0.013048899759730448, 0.016462214946419307, -0.003587898156096614, 0.0541053858629974]",1.3550476116363488
2011-01-31,3,sh600327 sh600960 sz000516 ,大厦股份 滨州活塞 开元控股 ,0.07462998624858064,"[-0.0012160623803113557, -0.010153313957648402, 0.02910744762926054, 0.02024370703183065, 0.016759127462856238, -0.0054173958777831155, 0.024257649769641176, -0.008237179483930546, -0.009088858804688682, 0.018295273880624796, -0.03758129000303978, 0.01093911801959968, -0.0010244910496490789, 0.006170544723261617, 0.021303708393706877]",1.4561747962589415
2011-02-28,3,sh600327 sh600686 sh600960 ,大厦股份 金龙汽车 滨州活塞 ,-0.014480811451301645,"[0.021219012322646558, 0.008528643785806755, -0.018885828254969317, 0.02600715963988498, 0.015648616082063027, 0.0074224447342663424, 0.0010850400619957234, -0.01074366305420682, -0.020191906632231804, 0.007530348417779553, -0.012170044446218942, 0.012647359711716266, -0.01257779095377487, 0.025197846796422008, -0.007419443308057994, 0.00020905467748022488, -0.005741624175670923, 0.00028695643252896197, 0.0021894476824209086, -0.0169250824468683, -0.034373378622510775, 0.0048502660429605715, -0.0057960036776192325]",1.435088203594178
2011-03-31,3,sh600327 sz000516 sz002126 ,大厦股份 开元控股 银轮股份 ,-0.042469441934728014,"[0.014143825754477923, -0.009568116583943187, 0.0024891876832291437, 0.020430391614354004, -0.0008820687557846707, -0.0002793846162234548, 0.012369777468338672, -0.011887757792886533, -0.006419461910880608, -0.0014577629326365527, -0.012640489427055868, 0.010302333684038212, 0.009737023137720513, -0.003445528201508119, 0.0015874249786873573, -0.03298632832089532, -0.002033718357690728, -0.03641445625295492, 0.005521623929164443]",1.374140808460422
2011-04-29,3,sz000635 sz000880 sz002126 ,英力特 潍柴重机 银轮股份 ,-0.08223905890216743,"[0.02124735631703789, -0.050941743434455455, 0.012523864996198286, 0.014318110421613683, 0.005872819306017796, 0.04058404910123481, -0.0049319004660253185, -0.022670676998532202, -0.02728719585601469, 0.011474135412300024, 0.0031422031616796797, -0.0013307698648898914, -0.015126929122343258, 0.005008871977128182, -0.06329746194951102, 0.005490321980282875, -0.02411499924116045, -0.0036524640675630327, -0.015295964616483748, -0.006142524483521483, 0.035904403707767596]",1.2611327615735735
2011-05-31,3,sz000516 sz000635 sz000893 ,开元控股 英力特 东凌粮油 ,0.015025277084616873,"[0.015229160064595959, -0.008496814140210196, 0.01746423554976051, 0.0023084468797214264, -0.007080453915696117, -0.032687247746175485, 0.006085095692930809, -0.005898792416379139, 0.02055878439082237, -0.0002356692320811815, -0.015211132143718165, -0.011468161465733484, -0.040241699439152234, 0.008046934789570637, -0.009788007057283332, 0.022494578258591025, 0.024022931679317017, 0.016722494631026485, -0.002406969071964471, -0.0038163149036495314, 0.022458288720722308]",1.2800816307567044
2011-06-30,3,sh600273 sz000516 sz000893 ,华芳纺织 开元投资 东凌粮油 ,0.020418462506078372,"[0.04510098917810934, 0.03084233827552829, -0.013083844083697227, 0.00027750475751986414, -0.009182837858603743, 0.00013941145396767496, 0.033696593904637195, -0.002353652495680758, 0.01941092691220292, -0.0021663955663681067, -0.022010920002417667, 0.006987940577532159, -0.026472466507390213, 0.013383689678914346, -0.024013484748335312, 0.025569765393947064, -0.03317317243445517, 0.008238499801931809, 0.0005370601635141803, -0.016767854174096875, -0.01029629044230762]",1.3062189295390298
2011-07-29,3,sh600273 sz000635 sz000893 ,华芳纺织 英力特 东凌粮油 ,0.060994797302686754,"[-0.004009157932187257, -0.010244625182426192, 0.01636612156832351, 0.01169022412724563, -0.03708175355516974, -0.07307843047487761, 0.004673927251137355, 0.027965415536261196, 0.01873741918111893, 0.03593072845916412, 0.0139620223683119, -0.016833426463863543, -0.004533118757193533, -0.034895893024761815, 0.024368385762055134, -0.010763099413659272, 0.030339446884424914, 0.01021938182102633, 0.03992355079784016, 0.003918691756127579, 0.00946570169925498, -0.0034419244848065134, 0.014160954685307203]",1.3858914883791955
2011-08-31,3,sh600829 sh600960 sz000880 ,三精制药 渤海活塞 潍柴重机 ,-0.13110302564748244,"[-0.008641683155660274, -0.015229166049639531, -0.03901673361172964, -0.007857801478350246, 0.01950308281185964, -0.011263971558592711, -0.0026789898590300343, -0.022267435000285163, 0.013686524656860044, -0.0012782100766562943, -0.0006323911135517335, -0.024863348231504157, 0.0062400254247061415, 0.03285066246831314, -0.033553445299535634, -0.008198243754704126, -0.017426349423406484, 0.008242688002375376, 0.005421080355330066, -0.02654853448991723, -0.003412385108862326]",1.2041969210335903
2011-09-30,3,sh600310 sh600960 sz000880 ,桂东电力 渤海活塞 潍柴重机 ,0.01670384511024836,"[-0.014806002624133119, -0.005252361458695676, 0.04336864239448279, 0.01349925006916286, -2.8483635498122162e-05, -0.005734524331419744, -0.036125964101624164, -0.01214688704106015, -0.046365723304227946, 0.0007900524489721228, 0.014720339558695006, 0.0324184815744486, 0.007819445757830445, 0.0015827010081799209, 0.014865942060363624, 0.011790835013005374]",1.2243116398847733
2011-10-31,3,sh600667 sz000721 sz002126 ,太极实业 西安饮食 银轮股份 ,-0.04742642872761926,"[0.0022458088460171055, 0.013680971890019267, 0.021419976937776974, 0.021438360493072794, -0.004663124584055045, -0.016418942141212534, 0.027161293181722668, -0.02669786452733902, -0.016913705638439414, 0.024180286661574124, 0.0022781105456846085, -0.021990128366995876, -0.008337601010114049, -0.026780649793085032, 0.00564808310621423, -0.0040821655942621105, -0.0003540103257816396, -0.010123947389790167, -0.004313365252372137, 0.0037930757824264916, 0.0129605741359613, -0.0392513543530052]",1.1662469111553835
2011-11-30,3,sh600667 sz000417 sz002126 ,太极实业 合肥百货 银轮股份 ,-0.18772538628590196,"[-0.010180381294356722, -0.03918579111006926, -0.03308561605548632, -0.004245160462886699, -0.0007538811167313586, -0.004490485366874242, -0.0004956238895267306, -0.009414524255249912, -0.03885180838200242, -0.016383088563030057, -0.008392843795454796, 0.02598219811184954, -0.006031274191468983, -0.007489615334827726, -0.03580764778571621, -0.010187601301887339, 0.010611519971419181, -0.006134869240430052, -0.02937605637526297, -0.0019595360913837734, -0.008193592335494215, 0.0306577913370909]",0.9473127592539992
2011-12-30,3,sh600572 sh600667 sz002126 ,康恩贝 太极实业 银轮股份 ,-0.034172085018503995,"[-0.031179861520702845, -0.06498349482720112, -0.0018508587418636369, 0.03958116555398883, 0.04286440455424545, -0.00011898878798732859, 0.02105494061630453, -0.05098466543355029, -0.029163519877572264, 0.05476595771036741, -0.026273059277224342, 0.013893473025433423, 0.01838864377588778, -0.011311995363815108, -0.0009655725610842048]",0.9149411071056579
2012-01-31,3,sh600667 sz000721 sz002126 ,太极实业 西安饮食 银轮股份 ,0.13615407239331256,"[-0.007603908611397814, 0.012347319259796263, 0.0308184785337684, 0.0039274188637885565, -0.0234750844303534, 0.026724259619999247, 0.0123104081655101, 0.003406192534081809, 0.014433944132082432, 0.004792669030978747, 0.02402698288339722, 0.006073934986591478, -0.012126086553035709, 0.010928448410834068, 0.0018817370833850156, 0.02515091320848062, -0.0006383529488639406, 0.005115115240981183, 0.003517823053000191, 0.007978358702020794, -0.019544250615283754]",1.0395140648381391
2012-02-29,3,sh600667 sz000721 sz002126 ,太极实业 西安饮食 银轮股份 ,-0.05422054860784853,"[0.016734179095202473, 0.020180983031380606, 0.015422015856141114, -0.010446593747972521, 0.0019072060194558205, 0.031983988754606285, 0.016893571702330412, 0.00044727156838741955, 0.005143157095661266, -0.029746962342449224, 0.01880550145781834, 0.03785443073652339, 0.012367735355777842, -0.04574251367544213, 0.0032005207309309114, -0.013997033029975903, -0.02523384801464923, -0.0010362259093962267, -0.0015928673453683428, -0.06396372302843323, -0.024436984037579546, -0.013872916585605077]",0.9831510419570406
2012-03-30,3,sh600594 sh600667 sz000721 ,益佰制药 太极实业 西安饮食 ,0.01969078574990646,"[0.026400125853178302, 0.0033200868204725786, -0.009172213440275967, 0.01536808068632367, 0.0023114634674052947, 0.01979012233810229, 0.006580580153083382, -0.005726891441658943, -0.023118678802170667, 0.029306757917279658, -0.00011002950913530096, 0.0021085726684941797, -0.009946285576083569, -0.025694379267914402, 0.0076736048966001835, -0.0018101210257128741, -0.01580254375988488]",1.002510058484014
2012-04-27,3,sh600327 sh600829 sz002068 ,大东方 三精制药 黑猫股份 ,-0.06945398063638852,"[-0.0021271613821520763, -0.004118895123277011, -0.0044466547042920634, -0.0054995087755528305, 0.009023558149626298, -0.022139983720802392, 0.016727424049797657, 0.008284861969132917, -0.00028082930417305807, -0.01642411339947336, -0.027392520650151075, 0.01276466361025519, -0.029329622498259655, -0.009603728129383815, 0.02186866832241563, -0.0015161477563788717, -0.006043102937126177, -0.02621638166628315, 0.011304244811114694, 0.010498069424324186, 0.009890651044630605, -0.01474370618578702]",0.9328817442942806
2012-05-31,3,sh600258 sh600829 sz002068 ,首旅股份 三精制药 黑猫股份 ,-0.009641821941866024,"[0.004982526290817191, -0.03321496409324254, 0.014578467831630526, 0.001685447942963103, -0.011440873459688916, 0.0009673137788561714, 0.030365555373967235, 0.00596212377036176, 0.02045969199568165, -0.006925088909941923, 0.00588693150081987, 0.013081787322733351, -0.01209049663273809, -0.011855444957634242, -0.005895031928043637, -0.02491748736821986, -0.007138604535883553, -0.005269300382851672, -0.010644205414450991, 0.024146076167832264]",0.9238870646229778
2012-06-29,3,sh600258 sz000516 sz002068 ,首旅股份 开元投资 黑猫股份 ,0.013832959458388583,"[0.009663699780661839, 0.009456388352359735, -0.006552244563053478, -0.017409994847990995, 0.03455749842358524, 0.014621088541797889, 0.014079639359127594, 0.005044860743507407, 0.0198534309290872, -0.011746617812634086, -0.02311189498308186, 0.005921543498554671, 0.017760467249988254, 0.01025841672400385, 4.4822009883871416e-05, -0.021306408986191072, -0.0003613394077843779, -0.01696563518973604, -0.0002795348102886397, -0.006315375587913619, -0.02929396557505859, 0.008516034557715768]",0.9366671569320371
2012-07-31,3,sh600829 sz000516 sz002101 ,三精制药 开元投资 广东鸿图 ,0.04374097754313633,"[0.01720894784888194, -0.011524879436565771, 0.02133151640004094, 0.039085327645295376, 0.005300737849987414, -0.007074323590473219, 0.021645255277109143, 0.005366006675259882, -0.02427895405743985, 0.015222626459725053, -0.007496834404798647, -0.013152729866311552, -0.0015094798891504002, 0.016120952895920526, 0.005162647940964771, -0.009021192660114696, 0.007101693263988684, -0.021812091908353315, -0.02195126038521633, 0.010109829209431043, -0.0012413537699544896, -0.006357285334976703, 0.007366324849598982]",0.9776378940087946
2012-08-31,3,sh600262 sh600560 sz002221 ,北方股份 金自天正 东华能源 ,0.024416107123700126,"[0.025588743616852927, -0.013453535871058686, 0.0020912407132001043, 0.009450940985206602, 0.03433184863817451, 0.017015674300960626, -0.005544734474255852, 0.007873925498318668, 0.005854748394603204, -0.010206795096299848, -0.03120814229414859, -0.0051444488951679634, 0.0043868223642800075, -0.03742648486570754, -0.013348492677586754, 0.02988733010884914, -0.009499166542116022, -0.03243297793171229, 0.031181074388183294, 0.0190244958084409]",1.001508005557102
2012-09-28,3,sh600262 sh600560 sh600829 ,北方股份 金自天正 三精制药 ,0.0008092065388594083,"[-0.0025657523155966366, 0.023322557166562286, 0.015442266274058314, -0.022331605561004775, 0.004764442658217405, -0.006932825555579614, 0.0055665119954999565, 0.022668638418712916, 0.01033223771187708, -0.01830602274023252, 0.008668501810098483, -0.009850960531919029, -0.006112742023563822, -0.009366771083523129, -0.017665573636810428, -0.003622507147553522, 0.001954849177179474, 0.006348090268663009]",1.0023184323839187
2012-10-31,3,sh600230 sz000885 sz002221 ,沧州大化 同力水泥 东华能源 ,-0.07437353546989656,"[0.016977596577556486, 0.016055002149793385, -0.005442094142637743, 0.007369713226899943, 0.001969777052035937, -0.0411778627048065, -0.010053840922155333, 0.0027225225852007817, -0.006718495120250134, -0.008976854604174522, 0.0032103427158998166, -0.003740857547484766, 0.022490283546622525, -0.02395724331221749, 0.014617901169560632, 0.0021189874067837344, 0.001159534996787448, -0.03891459288293597, -0.046747610380377, 0.006465787115939925, -0.018143262286169026, 0.03612594863041574]",0.9277724669008822
2012-11-30,3,sz000885 sz002068 sz002264 ,同力水泥 黑猫股份 新华都 ,0.1455053604991865,"[-0.044995517388685236, 0.018367934062996527, 0.05493512775834164, 0.0034511124214338107, 0.024038372373698547, 0.01373965547756506, -0.017387193643955245, 0.002228227324098553, -0.005231148957876242, 0.042874342071155924, 0.01105478580183017, 0.0058717263496690375, 0.0034313240239103315, -0.004386967349950477, -0.009695108522884577, 0.0032011246772138957, 0.02955212030699106, 0.009604459322663184, -0.016361582896023186, 0.006903004578439287, 0.009587539393459688]",1.0627683341585146
2012-12-31,3,sh600230 sh600794 sz002068 ,沧州大化 保税科技 黑猫股份 ,0.17882402240107687,"[0.017264561809736012, 0.029569450115549012, 0.004320689231886776, 0.014751352833116904, 0.031986069286038754, -0.0021456321436800208, 0.06093551393678087, 0.055882510406135344, -0.012987704459629379, -0.02505504987030438, 0.009965288688182028, 0.0254836320405587, -0.027253239425664266, 0.005178864099990577, -0.03509524019376098, -0.009684219284807116, 0.009027047349998485, 0.025979588156902045, -0.011663294430832916, 0.004838356632888674]",1.252816842553232
2013-01-31,3,sh600230 sz000885 sz002068 ,沧州大化 同力水泥 黑猫股份 ,0.03750651369129576,"[0.008414634511855867, 0.026508361355115806, 0.009670429012659687, 0.0042457059655136575, -0.0009148462128424351, 0.002893183111656983, 0.015439164273450157, -0.039627011568084125, 0.024165009804848925, -0.019735904358803014, -0.01649478937624227, 0.0016323161875961834, -0.0037899937226368863, 0.009384386466266381, 0.017215675675277042]",1.2998056346111406
2013-02-28,3,sz000885 sz002035 sz002068 ,同力水泥 华帝股份 黑猫股份 ,-0.012287232399293968,"[0.03555906677898735, -0.07314451813954936, 0.021812805784871436, 0.01668843466498604, -0.014323380199393942, -0.014937806887692973, 0.008520923126461577, -0.024083494614743572, -0.022262807769767856, 0.011252236458721088, -0.006573833291918185, 0.0020565992902554786, 0.037636991792409535, 0.019136722476641888, 0.01561893503748224, 0.020145156503721617, -0.00042512505054825844, -0.009074191169848755, 0.004816652782480446, -0.037228814795391085, 0.0030956513372644157]",1.2838346207047617
2013-03-29,3,sh600560 sh600682 sz002035 ,金自天正 南京新百 华帝股份 ,0.010903052033188532,"[0.014994199421774157, -0.032534698238619764, -0.0041748157366868766, 0.005389552359853056, 0.019479440028640438, 0.003999115371703166, 0.03397782592556409, -0.017525547380870976, -0.006837407280256058, -0.0012138647520796297, 0.017842046384939803, -0.003788362848346938, 0.03169741846538021, 0.0014040136576369822, -0.034503138802085775, 0.015118502244608756, 0.008589933549399964, -0.03732428597700943]",1.2978323363763147
2013-04-26,3,sh600258 sh600262 sz000552 ,首旅股份 北方股份 靖远煤电 ,0.130269100983345,"[-0.005095232483920298, 0.008574370358637173, 0.020487217463920127, 0.010772844842816154, 0.020290381947037472, -0.0015476768727791246, 0.024612800226210263, -0.0010403084057099, -0.02097140196067715, -0.009509309584220471, 0.014889270153078282, 0.04866525211501038, 0.04267580954550976, 0.011213145565630134, -0.0028495491791415972, -0.020785622329337006, 0.012661423167485975, 0.002153308771443818, 0.004450896131219295, -0.010701552955787563, -0.0070244566696758826, -0.01565440370491067]",1.4668997880631713
2013-05-31,3,sh600846 sz000026 sz000922 ,同济科技 飞亚达Ａ 佳电股份 ,-0.1310778911428454,"[-0.0014559988404508895, -0.028341980423640556, -0.0003722618570525249, -0.021739247967866526, -0.011141622004088858, -0.03683163458443095, 0.010996355074800901, -0.005727591473052018, 0.014003688369304879, -0.011278517158932688, -0.01270370982355018, 0.03797720658301085, -0.04391446358154272, -0.005910051133159122, 0.014969650889137265, -0.004857693787038486, -0.030145727463457117]",1.2746216573259639
2013-06-28,3,sz000753 sz002534 sz300100 ,漳州发展 杭锅股份 双林股份 ,0.06304126363667328,"[0.03278126323471198, 0.023396474915433396, -0.014381101157801224, 0.005142120430259078, -0.006272900717655627, -0.047659065168444315, 0.01714976041968952, 0.03332782905483378, 0.028848290507605068, -0.012884865768309162, 0.026730109592631335, 0.012328487726542825, -0.023443277962316156, -0.004620893347678123, -0.028690926858714216, 0.042335192130290134, 0.03129791365874346, 0.015258888004163307, -0.03721160246374233, -0.004788097615106901, -0.01592082006111384, -0.007752258052637462, 0.0029366193742825786]",1.3549754172624635
2013-07-31,3,sz000516 sz000922 sz300100 ,开元投资 佳电股份 双林股份 ,0.03960058241678044,"[0.01835844740391357, 0.002034835441533378, 0.010802716930830236, -0.004239790074303307, -0.013674722280070495, 0.01458259030970277, 0.026671457395208042, -0.0054849612840491835, -0.0019029247326898258, 0.02446899809505898, 0.010484008317809934, -0.02656162010989538, 0.008031429983831107, -0.0071469556674523815, 0.004412768889706653, 0.023838407983056698, -0.002997417887685261, 0.016582541439589482, 0.011712255135176486, -0.02712789569492069, -0.010552055601513288, -0.030484851541192404]",1.4086332329464772
2013-08-30,3,sh600560 sh601360 sz300100 ,金自天正 江南嘉捷 双林股份 ,0.03823876848090069,"[0.024794634247286007, 0.023678193167943062, -0.01798228313744421, 0.009940861678434887, 0.0006714848318276623, 0.001737593527686876, -0.004280803550170242, -0.01847198423438512, 0.0027433642544314463, -0.0009934924587504668, -0.002567592378109884, -0.025534517907808918, 0.015589096569479155, 0.02799452251356005, 0.0050548298379144985, -0.008799179749268693, -0.011835723123276964, 0.006185944321732473, 0.011628184836859345]",1.4624976330156203
2013-09-30,3,sh600560 sh601360 sz300100 ,金自天正 江南嘉捷 双林股份 ,0.032969091854251786,"[0.005496745513860146, 0.023573323556879355, 0.011387320537860735, 0.003503520474351429, 0.004953336136888531, 0.0034465536219012716, -0.019101930475841744, 0.0048496395230306355, 0.0062348797793176924, 0.02947029145937652, 0.00441877464349294, -0.04340940347812494, -0.003033860839639968, -0.006205643512767645, 0.012536404296071613, 0.003830727194997996, 0.046366216047483144, -0.05136247380124315]",1.510714851815138
2013-10-31,3,sh600081 sz000065 sz002116 ,东风科技 北方国际 中国海诚 ,0.14061325410119552,"[-0.001841551835048194, 0.0052254990442006655, -0.0009653356543134484, -0.017022150655796486, -0.015157827753599529, 0.008181175838147148, -0.0011080809892829446, 0.0018772360680141542, -0.015025031611878292, 0.011853196262968435, 0.03532087496161784, 0.04123201242478336, -0.0009916603893913578, 0.03925408362562255, 0.011667435229668621, -0.022504306370929927, -0.0048519469012078265, 0.02264954781435069, 0.02054664069156731, -0.0067055536784667025, 0.02371450509438411]",1.7231413831478701
2013-11-29,3,sh600081 sz000065 sz002116 ,东风科技 北方国际 中国海诚 ,0.08363606257170919,"[-0.027557264459297848, 0.030689052374759607, 0.027706806805055217, 0.028462346115570636, -0.015784153930985312, 0.010963536014569009, 0.0068945526222103926, -0.010682320797840705, -0.0020592787727050643, 0.010467875389066128, 0.014126516313518245, -0.00792840299229014, 0.00032668973025451464, -0.021997974993300695, 0.0016349467165683862, 0.011863144078306354, 0.006400415247356239, 0.020670118785048874, 0.01104177233042436, 0.012122729840143842, -0.020390795342838608, -0.003672984438411686]",1.867258143688727
2013-12-31,3,sh600081 sz000065 sz002116 ,东风科技 北方国际 中国海诚 ,0.043038956571217035,"[-0.001852348493937006, -0.008731436642776313, -0.03730382778015284, 0.005712459544833903, 0.00561556290384857, -0.020921844917570986, -0.0107418096640306, -0.006296716719988105, 0.029329761736770266, 0.009025196677212133, 0.002251348610367021, -0.014390901631366693, 0.012413341247730303, 0.006372228945395131, 0.021808746686363234, -0.00012622317704480412, 0.01789885669561997, -0.0022859102565956357, -0.004259275693307529, 0.02603185212825143, 0.015192891373591477]",1.9476229858421974
2014-01-30,3,sh600081 sz002116 sz300100 ,东风科技 中国海诚 双林股份 ,0.04389957852909454,"[0.023896353522666614, 0.03917593730495428, 0.002477494117203216, 0.018098785022060637, -0.02215063941025075, 0.020220907540992705, 0.02683408414087607, 0.009922890726224098, 0.008860990928773793, -0.022759546496528338, -0.023785845732702038, 0.018045462496154796, -0.06013722576471414, -0.003211333216326384, -0.011399075358437538, 0.023907760375274645]",2.0331228140542463
2014-02-28,3,sh600081 sz000700 sz002035 ,东风科技 模塑科技 华帝股份 ,0.0589741942698665,"[0.03441305972961217, 0.03234637725216616, 0.029369431389134837, 0.03777280661688187, 0.03196697800648929, -0.016496353337106306, -0.011300262733052846, 0.0039099016705357315, 0.000570215171612487, -0.015591455250934416, 0.04794205274256247, 0.03092583685242678, -0.009995470747842683, -0.06133635486336941, 0.025343324253782384, 0.007944241394524765, -0.003939307670744352, 0.007680439318728416, -0.028438284745691655, -0.07282293578341037, -0.002738340150808205]",2.153024593864779
2014-03-31,3,sh600081 sz000700 sz300100 ,东风科技 模塑科技 双林股份 ,0.04276212980298433,"[0.026384255926039435, -0.00245131315156244, -0.005800125755564989, 0.018155995330165542, 0.01632389138776258, 0.030966053625870682, 0.012949160213840516, -0.0038955641390324702, 0.027372074779679068, -0.004107911231725048, -0.010418491279935771, 0.00899688294855494, 0.0034917934140519247, -0.041573035389598, -0.015791593929085024, 0.004310771501607968, -0.020472302992245783, -0.018893733778797772, -0.03442174819743371, 0.03288480624354939, 0.02235684244755065]",2.2450925110166424
2014-04-30,3,sz000026 sz000739 sz002496 ,飞亚达Ａ 普洛药业 辉丰股份 ,0.07671316119548699,"[0.016500734306337028, 0.004767679722915474, -0.02056649375039754, 0.005252870412436383, -0.005408625808403178, 0.032945709034323256, 0.004699527571744522, 0.010688261729631332, -0.013493857467897774, 0.0040974806412190645, 8.148464569202041e-05, -0.0005022856157880229, 0.00951123255626607, 0.00048400742302567856, 0.008106508339987384, 0.029570260021795525, -0.0013341421081248805, 0.012463168024997806, -0.013166454310906017, -0.008983540096139109]",2.4173206547130426
2014-05-30,3,sz000026 sz000404 sz002516 ,飞亚达Ａ 华意压缩 江苏旷达 ,0.03235594713535139,"[-0.004406322823566455, -0.016560004705152287, 0.011710095366535, -0.012402528747944452, -0.008883031052646984, 0.018608242408520992, 0.008765887923169124, 0.005668441811430558, 0.022671659932639088, -0.004480215671357368, -0.01164905410620698, -0.004330236986843206, -0.03652184436991923, 0.0004450950031527068, 0.0206288999698665, 0.008317003459682004, -0.011320045441216231, 0.014339591665243567, 0.01469165716494647, 0.018826446628215088]",2.495535354026131
2014-06-30,3,sz000404 sz000700 sz002516 ,华意压缩 模塑科技 江苏旷达 ,0.07823616954756618,"[0.006270567771194502, -7.911530122850507e-05, 0.005716385946780811, 0.007559454692507073, 0.0027282234448871012, 0.007580424887785986, -0.02221617146602639, -0.0019835535754556544, 0.017312164654296636, 0.029937895556703564, -0.004627514334186289, -0.005937124556370188, -0.004306346566956831, -0.0021322552020992536, -0.008040265928888402, 0.008806557903562995, -0.0051605719969137764, -0.007774694599623988, 0.011192366937765597, 0.018362269840071388, 0.009533362346714203, -0.0044779639197666254, 0.018608787372222935]",2.6907764810956647
2014-07-31,3,sh600708 sz000404 sz002516 ,海博股份 华意压缩 江苏旷达 ,0.08004610480523544,"[-0.021668052052862152, 0.017738390450630526, 0.0017184929654434633, 0.009647912235434264, -0.012542150057201495, 0.010774288055578785, 0.013024341578518062, 0.011932349390411767, 0.01191981130115205, -0.01335734819039014, 0.00777628191510038, 0.008576872663379698, 0.0079450941795427, -0.0035515257335010375, 0.0016893460858486975, 0.002817330800222173, 0.016276113165097916, -0.01678323002138471, 0.0042570486050417244, 0.01394692353707705, 0.0062671845525550385]",2.906162657308911
2014-08-29,3,sh600708 sz000700 sz002300 ,海博股份 模塑科技 太阳电缆 ,0.12184722449373009,"[0.015249565736527027, 0.017046288543843602, 0.00590995640303249, 0.007965897120546739, 0.006553715682951378, -0.008578094617118115, 0.0027418577550955003, -0.0013863855132815184, 0.032365350378419144, 0.0268003111875752, -0.033614286649324976, 2.4932740958050204e-05, -0.001570064812625227, 0.01512557293311012, -0.015936995130004905, 0.02835328968246187, 0.014884259046753723, -0.007807202076260511, 0.0066788619111513015, 0.005161883637187836, 0.0016367485315487151]",3.260270511029325
2014-09-30,3,sh600708 sz000700 sz002641 ,海博股份 模塑科技 永高股份 ,-0.01195743077827871,"[0.004603334906840173, -0.002103735669166551, -0.008876749084090085, -0.006177960802654758, -0.012608893226289442, 0.007882022609970729, -0.01674907283378324, -0.012111237823654641, 0.012612608664395397, -0.016230361993319398, -0.023156232513436126, -0.016309935701742884, 0.006339688165656554, 0.00948513641449611, 0.03233149640660549, 0.017484280861078894, 0.01016236132208026, 0.0031948572541193876]",3.2212860520752282
2014-10-31,3,sh600708 sz000700 sz002035 ,海博股份 模塑科技 华帝股份 ,0.04601669417843146,"[0.018199099942664887, -0.02028487170715909, 0.007984790117261609, 0.0005552149609642232, 0.004874492720913226, 0.008246822644161433, -0.0379105896821712, 0.028217436441597465, -0.02032689582753544, 0.007744270931069996, 0.007640315220184046, -0.0011272790258374243, 0.011529484975514093, 0.0004766864203136212, 0.005263909606803452, 0.013147882989297921, 0.01197523470154227, 0.008718440954685658, 0.011217249756457326, -0.018789936626305348]",3.369518987194821
2014-11-28,3,sh600420 sh600708 sz002035 ,现代制药 海博股份 华帝股份 ,-0.11033130240692102,"[-0.022604513308034258, 0.009673625473962222, -0.0019839134228774036, 0.007117403812808121, -0.03173261908804004, 0.009406297697717392, -0.028526264572996896, 0.03473058983503141, 0.03123427708270121, -0.003474757025352493, 0.02485533905431292, -0.012327730405341852, -0.012489994098380142, -0.005923133007995518, -0.020723684326323433, -0.04496512694468835, -0.02429593981218625, 0.024054116482142618, 0.0015959322662679742, 0.004781224330831169, -0.032047061491337736, -0.024775121320391502, 0.007090593603498618]",2.997755568852767
2014-12-31,3,sh600420 sh600708 sz002543 ,现代制药 海博股份 万和电气 ,0.18231580427621719,"[0.017531482128219533, 0.025088444006218014, -0.0004863988477369352, 0.02690319777322725, -0.0037105112437118004, 0.009073102224850249, 0.00581490167633425, 0.000965626602392744, 0.01764450691370567, 0.02508316317478032, -0.006304749182839964, 0.03620916278658903, 0.03276756721087959, 0.0029497428979408102, -0.005436735757116895, 0.025026713118953214, -0.005328631483352053, -0.01863948828494444, 0.0006641114879857302, -0.01517522704491403]",3.544293786411668
2015-01-30,3,sh600420 sz002226 sz002543 ,现代制药 江南化工 万和电气 ,0.04393255598124424,"[0.008665514350860049, 0.016128696586817703, 0.0021709075473339556, -0.001223215976825509, 0.006115431236533908, -0.028174883564721198, 0.004862542750132315, 0.005760100568486637, -0.0021838935173529306, 0.014457276570200461, 0.01485847550968833, -0.00024747407653546993, -0.0018464044282096026, 0.007914870063433055, -0.0033886247149065296]",3.7000036715971745
2015-02-27,3,sh600420 sh600708 sz000700 ,现代制药 海博股份 模塑科技 ,0.1663411868884055,"[0.014614766700344228, -0.012407751046355386, 0.019674931947704755, 0.0006572044789698861, -0.006112677631889385, 0.023659304448677698, 0.008653904856454453, -0.005918019738613722, -0.006756206710189505, 0.02891471062150619, 0.018799294310449133, -0.007792619860573113, 0.0034826916767438654, 0.004041601587908561, -0.004510823524537244, 0.011617376008199454, 0.016485814389798792, 0.010116035466737339, 0.003963962203213489, -0.0037841147014474608, 0.021707502627954955, 0.016789911306497762]",4.315466673822106
2015-03-31,3,sh600389 sh600682 sz000151 ,江山股份 南京新百 中成股份 ,0.35739900302338756,"[0.042111196391831696, 0.018232861304239067, 0.02324110470486529, 0.02771824796005329, -0.009725671925885027, 0.039243833692505614, 0.04711624512726331, 0.046199638019863265, -0.008206332105606728, -0.010282901902188057, 0.01107271298881396, 0.014941541115408796, -0.05480463054824991, 0.017230690406832894, 0.051207473950611204, 0.040440479667734675, -0.015308856336201604, 0.054625321582740805, -0.002925274287334134, -0.010468222733740817, -0.005846039181697793]",5.857810160626782
2015-04-30,3,sh600081 sh600162 sz002300 ,东风科技 香江控股 太阳电缆 ,0.11535305653155192,"[0.019763472990468767, -0.03899487857139894, -0.03496843899340785, -0.0523233618255754, 0.03378032511742357, 0.06955211121680072, 0.038296500535564215, 0.019504998887278413, 0.008073026233935465, -0.03937749143113922, -0.007430373121780853, 0.033337162884288674, 0.02241898025365585, 0.05342354107377245, 0.006538616393047203, 0.06676052938333221, 0.031484828451627145, -0.009199164633965862, -0.09935067125269792, 0.005686293599441727]",6.533526467236662
2015-05-29,3,sh600081 sz000533 sz002300 ,东风科技 万家乐 太阳电缆 ,0.019640194666215915,"[0.06640280828873935, 0.0733289334974423, 0.012782027666675022, -0.021173204431498283, 0.050093438400431456, 0.029245047125432855, -0.025022364234866257, 0.02059057938670894, 0.017361346132738875, 0.05466445052705815, 0.01620272962284819, -0.006965398603881345, -0.0008478933353083251, -0.05796320864322202, -0.09464954512191315, -0.00028480048815582304, 0.05084399397712591, -0.04154342673728639, -0.09988091432420287, -0.06634325489417148, 0.07017151702926316]",6.661846198910064
2015-06-30,3,sh600081 sh600785 sz002300 ,东风科技 新华百货 太阳电缆 ,0.004376427032432906,"[-0.05801216381169949, -0.08952387706649456, -0.07476621873855172, -0.01566472442582101, -0.09987704182372814, -0.03598890730354831, 0.10033887549453535, 0.10009867499374336, 0.1002238045898447, 0.06341825737990203, -0.09993790565560512, 0.0565185017562011, 0.0953604595530102, 0.0513158503645712, -0.007099252130639888, 0.029854454181124312, 0.015330156948855755, -0.04007987056205076, -0.0692720010052239, -0.014248047096796723, 0.08085611817616867, -0.03480358699050545, 0.001666323544197823]",6.691001282700885
2015-07-31,3,sh600081 sh600120 sz002300 ,东风科技 浙江东方 太阳电缆 ,0.005018014087553979,"[-0.08074237149044461, 0.0819488563206574, -0.020360198584820743, 0.011134893866066253, 0.07328178877407154, 0.08167092197349457, 0.03600416531198869, 0.017917378318806243, 0.057593133759865855, 0.043026085027972005, 0.060209614676874246, -0.10003843245516486, 0.04764361234457404, -0.051981127125413584, -0.06113105416522602, -0.0999765577279742, -0.1001219504434262, -0.05207396575077072, 0.030538870485948832, 0.09143456453362586, -0.01682149912110087]",6.72457682139732
2015-08-31,3,sh600081 sz000026 sz002010 ,东风科技 飞亚达Ａ 传化股份 ,-0.01016618192444263,"[-0.038319758710229745, -0.05193336008899241, -0.001771552020356948, 0.04920394718640542, 0.06722897930127747, -0.025695930851781346, 0.022624561777779384, -0.04213104578747895, -0.057374063510945206, 0.05934509945644684, -0.011919675767826932, 0.009673290761250453, 0.04703388104483852, 0.010034325659162846, -0.027257574637290616, 0.027531809028342957, -0.053308439040270494, 0.014162731679006502, -0.016205185315864568, 0.02321707450552868]",6.656213550066105
2015-09-30,3,sh600327 sh600438 sz300100 ,大东方 通威股份 双林股份 ,0.13859231439137565,"[0.001601598360736034, 0.014954541259794008, 0.046895147414027116, 0.012761352296528194, 0.003799706986418405, 0.0236948621926667, 0.012804342171768734, -0.013144659794195213, 0.014402755330708672, -0.06691885696297828, 0.023111766471181072, 0.013079734819628985, 0.02245595367297315, -0.0061314248880308675, -0.029283932951456038, 0.030195422838451336, 0.03166277751438429]",7.578713591053001
2015-10-30,3,sz000700 sz002454 sz002543 ,模塑科技 松芝股份 万和电气 ,0.14236381456994018,"[-0.003921092726373088, 0.0034239799477713273, 0.0626956806427923, 0.016103409943990288, 0.0251871747343122, 0.020124849254065102, 0.01294479481102817, 0.01090030102220374, 0.006717222966209135, -0.012824674147186799, 0.02822324488893413, -0.027075831922111382, -0.03206006687965279, 0.026577886392389116, 0.011011992738303444, 0.002528405725433114, 0.01279124517066621, 0.057542286709815205, -0.015251150431862648, -0.04392262833760385, -0.0211163105722757]",8.657648167408356
2015-11-30,3,sh600461 sz000700 sz002454 ,洪城水业 模塑科技 松芝股份 ,0.08411965813383282,"[0.023583053703382983, -0.019839416161324674, 0.02896128413323673, 0.004542523403026966, 0.014288509221867196, -0.021237927347359187, -0.010954948954963628, 0.004285249468644725, -0.017669686482806757, 0.011833241972416086, 0.010438597535679328, 0.018056769333000044, 0.02187314866402712, -0.014721754774203788, 0.014494388804859204, 0.007578048585429986, -0.026253479198965812, 0.007826268914210122, 0.015334911939897555, -0.009621318603757922, 0.02486631841152498, 0.009223384635929532, -0.0129290257403748]",9.385926571493751
2015-12-31,3,sh600461 sz000533 sz000700 ,洪城水业 万家乐 模塑科技 ,-0.2834917038161481,"[-0.09076441033463378, -0.006858045526006551, 0.04623938328351662, -0.09829869526762935, 0.04371391552647097, -0.08686578485508833, -0.019486041307032798, -0.06120192248555556, 0.0240185188204598, -0.03402097421791772, 0.041058982406303235, 0.05831054916685674, 0.001926019714839633, -0.044171186876656665, 0.0027956822937935666, 0.014636230983570142, -0.07885215203335838, -0.014566150164596059, -0.05255237187306616, 0.04974315027723075]",6.725094255847731
2016-01-29,3,sh600461 sz000533 sz002454 ,洪城水业 万家乐 松芝股份 ,0.12213603011483154,"[-0.004369793453826931, 0.042814542073077666, 0.01255221750449409, 0.01732513029951077, -0.00501089796069043, -0.0056974888023944015, 0.05010007566203489, 0.00021198078433704026, -0.009643373057497184, 0.0014821320090840917, 0.015663321938701236, -0.01315681982559258, 0.018575355809586247, -0.036100164574416005, 0.020272860933042036, 0.013980082150173656]",7.54647057040503
2016-02-29,3,sz002454 sz002543 sz002727 ,松芝股份 万和电气 一心堂 ,0.24097105104542904,"[0.024751751945142342, 0.0462978297554173, 0.012607109036846476, -0.040669526877260664, 0.02315853415316771, 0.014983826232970898, -0.015004673597146967, -0.017005425076157765, -0.0004016633486408905, 0.039537696197579075, 0.001614783985734558, -0.0077418302132534755, 0.03272741347152652, 0.02909638255221858, 0.016722964360498693, 0.0205268712712674, 0.02129426835506054, 0.00845673620474341, -0.016811428573533793, -0.0049324500164597, -0.021989911091755188, 0.04919108704663078, 0.0063188567005785234]",9.364951515438928
2016-03-31,3,sh603008 sz002293 sz002543 ,喜临门 罗莱生活 万和电气 ,0.024496943846925134,"[-0.008374211820155963, 0.02627047436382446, -0.00020824965779853155, -0.01696535833580093, -0.0042526860635022645, 0.02966078349242074, 0.0009108162867106362, 0.00978132611978988, 0.007048014604040143, 0.0060312321337199215, -0.020526256975134993, -0.004653772299524905, -0.03554053542106783, -0.005907873679915299, 0.011452650785496843, -0.0013606235465382088, 0.003934048540330304, -0.0030866839828982418, 0.034610611561584514, -0.0020158686566968953]",9.594364206841812
2016-04-29,3,sh600327 sh600461 sz002172 ,大东方 洪城水业 澳洋科技 ,-0.005737940304403444,"[0.025880943171415316, -0.00335769871233238, 0.0024711696138528527, -0.032598055876254195, -0.047823127562008905, -0.0006012375755967136, -0.014484266974260307, 0.0016021727579571543, 0.00018690097374873815, 0.023401397908412225, -0.0014179330522616773, -0.038599955141044306, 0.0023845171673630983, 0.012792173196650936, 0.01786470325237688, 0.014414018913180282, -0.01584468998166433, 0.0016154195236544044, 0.004625289247601527, 0.013601576469953525, 0.03242712883323495]",9.539312317764248
2016-05-31,3,sh600327 sh601199 sz002172 ,大东方 江南水务 澳洋科技 ,-0.008344138907795395,"[7.783753941636995e-05, 0.009789732577970334, -0.001891061339092892, 0.00728012731205796, -0.0103914450242657, -0.008585216350237013, -0.04623797356722059, 0.0004030498650973158, 0.024821313054988137, -0.01653468341335751, 0.00928456793335175, -0.011846338819877955, -0.00954959416651291, 0.013574450228213797, -6.698849198316648e-05, -0.02075346032463843, 0.02279292179403325, 0.025294231427568814, -0.006223239945615133, 0.013240250720353286]",9.459714970699979
2016-06-30,3,sh601199 sz000700 sz002172 ,江南水务 模塑科技 澳洋科技 ,0.09694370603533886,"[0.008692999917898181, 0.03443189904296062, 0.0010822702467896406, -0.008826911337600829, 0.002561844066479635, 0.004731739805611479, 0.0030304792584687767, 0.011560628532918615, 0.005846275687439562, -0.0028332736585596763, -0.02016599872876479, 0.010482439532752741, 0.01112429880065613, -0.004960309492222148, 0.033221911286405836, 0.0006627038814464026, 0.00444084602199557, 0.01731538636649943, -0.027793657230745672, 0.012099685483783595, -0.0019135546712272244]",10.376774797997612
2016-07-29,3,sh600327 sh601199 sz002516 ,大东方 江南水务 旷达科技 ,0.08535670906197645,"[-0.005818748089047254, 0.006459780268617044, 0.003441701922162421, -0.00010924170685666645, -0.006309779352321798, 0.0008359840856182466, 0.023466719062695818, -0.007645592995795147, -0.00017526117443356082, 0.004134642479842965, 0.026579696266431085, 0.0032015833567946572, 0.011747773224367819, 0.028097232064603794, 0.040150313549850214, 0.005552633497768911, -0.02266753056631854, -0.0028708214109128827, -0.025674133104886865, -0.008243827472024234, 0.02269780547766742, -0.012040372744410499, 4.1125724186130697e-05]",11.262502145431943
2016-08-31,3,sh600477 sh600985 sz300415 ,杭萧钢构 雷鸣科化 伊之密 ,0.09257219729250421,"[-0.006970391572216683, -0.002025198197409095, 0.008803605128702374, 0.006206961449523263, 0.0007880829277804313, 0.015529168447423913, 0.0021779162723423173, -0.02618938897452472, 0.03409668103273611, -0.014220616526452567, 0.03685862025503073, 0.032535018484721734, -0.0032530019506222807, 0.03283945194456672, -0.0058234463527931934, -0.0381129049063712, 0.018153100580270642, -0.011411681091046288, 0.01071892068212077, 0.0018230826952512214]",12.30509671604612
2016-09-30,3,sh600327 sh600985 sz300415 ,大东方 雷鸣科化 伊之密 ,0.08101100053648835,"[0.020281969769814, 0.0026408692132324774, -0.0013181051085576767, 0.012703215646440835, 0.006175029634561513, -0.017139009061628352, 0.034155086359008546, 0.0020373808774623026, 0.006257595767033219, 0.003659053759507147, 0.003377366434939688, 0.005556434363265472, -0.0108553747804927, 0.0004133757979769559, -0.01073045583930532, 0.02211521086119772]",13.301944912711274
2016-10-31,3,sz002091 sz002641 sz300415 ,江苏国泰 永高股份 伊之密 ,0.02205586747543986,"[0.007815190946199202, -0.014513555354462415, -0.0006493720397465763, -0.0014036396675723983, -0.001677314980289002, 0.016441478393353304, -0.018653466627261417, 0.02092140426492839, 0.006137216633705034, 0.0248665597930553, -0.002501750789309143, 0.0055359805786840965, -0.009106211707416656, -0.006074216967607571, 0.007146045967347137, 0.013431573491933912, -0.003007776695951536, -0.013368968481493826, 0.0196423349470618, -0.0022093564979033253, -0.022631278538246757, -0.0025923649416805805]",13.595330846871637
2016-11-30,3,sz002091 sz002641 sz300415 ,江苏国泰 永高股份 伊之密 ,-0.03266705964488659,"[0.0023221880734609623, -0.017638730669899627, -0.005819614002634532, 0.009317422620926719, 0.0037435201614677283, -0.009096789281931694, 0.008430573734420577, -0.0722634084229955, 0.005174654263567113, -0.008890190980154755, 0.011169958516531686, 0.010977631152518486, -0.002568252251604286, 0.0034151060447671355, 0.013545313839996798, 0.00362119950823514, -0.007999794713434705, 0.016627615352176717, 0.006602645353645187, -0.003426590175289679, 0.00022316307986591788, 0.002850042706852962]",13.151211363204915
2016-12-30,3,sh601199 sz002091 sz300415 ,江南水务 江苏国泰 伊之密 ,-0.02199317913892529,"[0.004244077661169632, 0.00842334242438647, 0.00014829751694400706, -0.007972700701481705, 0.019883913739268122, -0.007187205682376074, -0.009657631931667132, 0.0016892629391882519, -0.005764543444854442, -0.020144106125828287, 0.0008771798872995173, -0.007372839392166264, 0.010557097948062477, 0.0079026406150553, 0.0006560227592438128, -0.015873639093961334, -0.001354554498881777, -0.00048258827649783065]",12.861974415800079
2017-01-26,3,sh601199 sz002641 sz300415 ,江南水务 永高股份 伊之密 ,0.05510069592406741,"[0.006060096488580191, 0.013198179341900262, -0.003316106055806123, 0.0033978826591436473, 0.013369678348472469, -0.007379281481803446, 0.01233945216782062, 0.005057496257022676, -0.006573692734893388, 0.0017871485815788013, -0.0133868131683329, 0.01849671721566981, 0.01059206783572475, 0.007602568453777048, 0.0031557700806410516, -0.003369200594132926, -0.013505897602376638, 0.006923943383856157]",13.570678157068214
2017-02-28,3,sh601199 sz002357 sz002641 ,江南水务 富临运业 永高股份 ,-0.049378566235633414,"[0.00400347685961866, -0.008154636402738835, -0.005579991256605021, 0.010178936008239381, 0.008525613023502299, -0.003516485005317427, -0.014260792650040433, -0.005431404664476447, 0.01220043373936286, -0.0007703537788685821, -0.0017136047086122597, 0.01637800816413182, -0.0004624729798663463, -0.0007388652783677507, -0.0010447733851911556, -0.008893978597273366, -0.006993439215854491, 0.0035194604641808347, -0.006094873902727338, 0.009901456399807218, -0.01688801945167695, -0.029843328221743848, -0.003738740667474705]",12.900577526826957
2017-03-31,3,sh601199 sz002641 sz300204 ,江南水务 永高股份 舒泰神 ,-0.055490097647244774,"[0.01872705200727709, 0.004633691250673033, -0.003695369519785996, -0.003741460849808975, 0.03886268737367726, -0.014902709608891507, 0.011763430620477244, -0.03269327151590895, -0.024355871559057607, -0.009791255380736774, -0.01865770318749449, 0.0009291001711675406, -0.0013518047049576598, -0.02879048539411888, 0.002285069164875253, 0.0009133801598244506, 0.0023713236697275875, 0.0030265010963590466]",12.184723220157478
2017-04-28,3,sz002357 sz002532 sz002543 ,富临运业 新界泵业 万和电气 ,0.06232714816641449,"[0.012514434216546189, 0.011917428223573223, 0.009919146769410636, -0.006285346416374904, -0.025315687063215075, 0.006026280636651782, -0.007648547036094411, -0.0027968229141052126, -0.007775382183287771, 0.013738873713866173, 0.020851400228408368, 0.013842890005544284, 0.00409972715303164, 0.010020213754225571, -0.008151750180611872, -0.01850453685523845, 0.026507723507147585, 0.00023753625367928244, 0.01915911395552161, -0.010025237215709581]",12.944162269666984
2017-05-31,3,sh601368 sz002182 sz002357 ,绿城水务 云海金属 富临运业 ,0.06363990402010833,"[-0.03833894529890958, 0.006153027467408645, 0.016365329703966314, 0.012377523510195498, 0.027483015199436744, -0.012444449709024807, 0.004455075656245144, -0.031525992325112995, 0.02725914708971855, -0.0010458037294641676, 0.017595284618419305, 0.0011087622886674087, 0.0065286714540939705, 0.011912673481708547, 0.003399426681919726, -0.026308978245417558, 0.007973564230600028, 0.03879071798314948, 0.004337183274966572, -0.0104201871793137, 0.0036494234072577125, -0.0038475795027678172]",13.7679275141293
2017-06-30,3,sz002182 sz002357 sz002452 ,云海金属 富临运业 长高集团 ,0.16266639146575135,"[0.007759417609897401, -0.0028278174380973464, 0.012436376782458902, 0.0057453243948411, 0.00812002458543959, 0.0007614845948280546, -0.028169679883909615, 0.006601377413381293, -0.006745711356410555, 0.004229182258354225, -0.034031587831201304, 0.01650647899991653, 0.013127725286537384, -0.005046247774855295, -0.0025215620595745447, 0.011627956128035688, 0.038578469639926505, -0.004936112219439015, 0.05165486252613127, 0.023739635419445904, 0.03865356905849815]",16.007506600814743
2017-07-31,3,sz002357 sz002452 sz002454 ,富临运业 长高集团 松芝股份 ,0.01665654365621072,"[0.0023986878924724397, 0.0002274139815545695, 0.03763327139626371, -0.008128108385049404, 0.0012512280734477965, 0.00020377439027119415, 0.0013680210552728944, -0.0033567772938398743, -0.012375063047905144, 0.005061040906446657, -0.008131085865275334, 0.01004305993810184, 0.011899430464596294, 0.010525281418810595, 0.011716488807248737, 0.020601432751666815, -0.005266807809115481, -0.0007177475234321218, -0.035108545005419156, 0.0037054639367815057, -0.015169071394782963, -0.008818362554261716, -0.0009254212243516857]",16.274136333338294
2017-08-31,3,sh600051 sz000930 sz002543 ,宁波联合 中粮生化 万和电气 ,-0.006060510011845488,"[-0.011942444891881121, -0.003776585061597948, -0.003411639687210144, 0.007016287452622727, -0.008526741587611242, -0.001094259851283641, 0.013811971030216474, -0.018041935261325692, 0.019626269186493905, 0.028910559486919896, -0.0021745729382142143, 0.014152482161355007, -0.00625932159516529, 0.00330823780531464, -0.021867369738640452, 0.004779828889041049, -0.027028291065792298, -0.005879076886820878, 0.009368477722975666, -0.009341982994675369, 0.014255316641369475]",16.17550676715596
2017-09-29,3,sh601368 sz002543 sz300230 ,绿城水务 万和电气 永利股份 ,0.05217930418862471,"[0.007096099104136444, 0.009436469331669972, 0.003153484767040693, -0.0046299640385425445, 0.0051281623638386176, 0.00716347953721197, -0.005544545656926525, -0.004402206644481543, -0.015251817501668041, 0.015716476229157506, 0.0013151273790505957, -0.008628133449660846, 0.020733459127640685, 0.0011176389754965488, 0.010838334748636713, -0.005050696211198358, 0.013472707135818496]",17.019533455164545
2017-10-31,3,sz002100 sz002763 sz300511 ,天康生物 汇洁股份 雪榕生物 ,-0.07872120016405448,"[0.006726170807765053, -0.011431790793644758, -0.006008137193562968, -0.0028623061760626456, -0.0032218225687560276, 0.0007951376775905405, 0.011065572987227767, 0.00702591450168466, 0.0016870141713296594, -0.011172009895976998, -0.014333303191753743, 0.010060169845141909, -0.02831690624722183, 0.00843524895687442, -0.006907812752197984, -0.0043723533559116845, -0.03075336836818321, -0.002223534731589649, -0.0020297016145552904, 0.00798223871029724, -0.006644569475445006, -0.004045690453440276]",15.679735355341716
2017-11-30,3,sz000650 sz002763 sz300265 ,仁和药业 汇洁股份 通光线缆 ,-0.039317986002733285,"[0.008028708490203762, -0.010677809179368558, -0.0201970237964737, -0.0025027263354883145, -0.0015104247166017881, 0.011502546231701105, 0.01454399707934062, -0.0164471235047583, 0.0016538989273784388, -0.0042073408431271275, -3.713413216888117e-05, 0.0022066042377399953, 0.006997514988362985, -0.01473731279343593, -0.0026987117164701813, -0.008197960146745453, -0.01463750201190439, 0.006807664754453491, -0.003274702512527483, 0.007096761960947662, 0.0011303987087425416]",15.063239740113827
2017-12-29,3,sz002763 sz300265 sz300511 ,汇洁股份 通光线缆 雪榕生物 ,-0.06442797972003433,"[0.0011598063190529917, 0.004976849971207287, -0.0024503425511706034, 0.004142541457829774, 0.0038188132684588982, -0.008671469158858303, -0.013996789775550633, -0.0025427820585338656, -0.005289737495504765, -0.019773111567173096, 0.0018934372173551317, 0.009384988769625124, -0.0020114969616589207, 0.0008039468036293851, 0.01096622434909933, -0.004549236192518458, 0.003363254209879374, -0.0019648879576562583, 0.0028289227111049087, 0.005982274596151527, -0.01776099330182468, -0.03556847529626883]",14.092745635619758
2018-01-31,3,sz002763 sz300204 sz300265 ,汇洁股份 舒泰神 通光线缆 ,-0.09819140347846522,"[-0.06594928134618339, -0.010456149319427177, -0.013448724877348384, -0.06867450810636566, 0.022388227409811057, 0.020538971990707866, -0.021279959168560292, 0.02460117943997564, -0.011215334257936527, -0.02166521826491019, 0.010558798374509237, 0.00013396060380443942, 0.026156509013113727, 0.019892969927150617, -0.00813682350461642]",12.708959162793239
2018-02-28,3,sz000650 sz002763 sz300265 ,仁和药业 汇洁股份 通光线缆 ,0.06181623233450506,"[0.018772585346503723, -0.013519145311385317, 0.0035153287170059944, 0.00674037496047708, -0.0050308571435278004, 0.02254691850856938, 0.013794699970142377, 0.011427195180506722, -0.00012061898277693217, -0.02005280984154767, -0.009222777444903296, 0.010302985448225055, 0.015073542687031427, 0.0069283565025746174, -0.017796604850440323, -0.0002680771093498402, -0.055418125174084176, 0.016391768221073688, 0.049323041932103795, -0.014143665426093022, 0.0026191033072089365, 0.02269441579232434]",13.494579135130202
2018-03-30,3,sz002206 sz002763 sz300204 ,海利得 汇洁股份 舒泰神 ,0.016860520617189456,"[-0.01239034718143972, -0.011349195169366055, -0.00831916602971794, 0.002687460496777483, 0.004975543285501871, 0.012938245521719738, 0.025503917420359956, -0.00694748958044078, -0.0004466233444495593, -0.016830150970503333, 0.01841444003095516, 0.006261409876285207, -0.013234872620408344, -0.0025125841950547345, 0.02940453358091122, 0.0009044708938465984, -0.008697264112975112, -0.0021356766407544248]",13.72210476485836
2018-04-27,3,sh600389 sh603518 sz002360 ,江山股份 维格娜丝 同德化工 ,0.10833780584929209,"[-0.008435626393317408, 0.016944884241942182, 0.018659945087378338, 0.013545004065786515, 0.00190185223701822, 0.00803033960795596, 0.007686413119577962, -0.012951278605104477, -0.009135091829358899, 0.014966392388414462, 0.0022607840192407913, 0.028927034984650213, -0.012448597266015216, 0.0409822779215363, 0.02815582338394762, -0.024528140129900233, 0.011746884460049234, -0.003994439246049697, -0.02014535121265071, 0.005532185032663506, -0.038065634017697136, 0.037704985872818675]",15.20872748671723
2018-05-31,3,sh603518 sz002145 sz300230 ,维格娜丝 中核钛白 永利股份 ,-0.12490599601063268,"[0.018319745559728595, -0.04602988299984656, 0.04540037828570265, 0.013500600013266695, -0.024012436201595544, -0.006671839076021868, -0.010619150394320931, -0.007570754317091644, -0.03630093832271997, 0.005078266795260911, -0.024181492082189004, -0.0871459719001717, 0.00829024127207667, -0.02832091755050059, 0.016466233462781865, 0.0016071700930573307, 0.029781048828428025, -0.010204148801667645, -0.02338265811326945, 0.04256601428567963]",13.309066231934528
2018-06-29,3,sh600461 sz002145 sz300230 ,洪城水业 中核钛白 永利股份 ,-0.007230657407689578,"[-0.016506100697188386, 0.035988845832375604, -0.014057109824540226, -0.03912511602018731, 0.007587044410262367, 0.03071596476015448, 0.004066017164903402, 0.006615505428851698, 0.017727516706741664, -0.015529505866532012, 0.003305530666537493, -0.0064998764848600565, -0.019045376118041024, -0.014682283155935227, 0.013079019912201062, 0.005745194194298309, 0.012753099164452442, -0.0035197772158244156, 0.013346120892318902, -0.013518399866489617, -0.012115205488646752, -0.00037219048494663287]",13.212832933595159
2018-07-31,3,sh600328 sz002182 sz300230 ,兰太实业 云海金属 永利股份 ,0.003992340109100212,"[-0.02270203631921508, -0.03271546791918323, 0.02290406899746822, 0.005846749116955152, 0.0411508259304334, -0.010141078145363802, 0.01535820128443377, -0.0018317849971200006, 0.006024853681834141, -0.0027848171255628884, -0.0174282933752149, -0.003998901419262735, -0.010440485001331212, 0.03267750424876059, 0.012406719210169559, -0.027791241968153302, 0.0014408695733267862, -0.006511907787179139, 0.03968598706571114, 0.006817190987107757, -0.0071332368986822825, -0.023844152692547582, -0.008531999477565999]",13.265583056470792
2018-08-31,3,sh603179 sz002270 sz002534 ,新泉股份 华明装备 杭锅股份 ,-0.02805539702863369,"[0.01638735710697503, 0.010601322392389978, -0.01664863568016206, -0.01431550517486091, -0.009718988929125039, -0.022479965954882664, -0.0010991341131763033, 0.012299828437271065, 0.0020723779007236764, -0.01525769420007228, -0.01809383486117, 0.019732743016795284, 0.02018179745765436, -0.011288293702803154, 0.024930376457772407, -0.01206210166391175, 0.0004289560856123309, -0.022107452888916135, 0.010214017091211725]",12.893411857005187
2018-09-28,3,sh603179 sh603197 sz002270 ,新泉股份 保隆科技 华明装备 ,-0.028931176781368473,"[-0.03210726461330937, 0.0100881177080272, 0.013853302529019285, -0.08810878665690813, -0.028548148754623193, -0.006917451064148095, -0.022487982959707553, 0.01528452872953201, 0.02049370700793296, 0.01974160654802737, 0.049629618406730636, -0.03031693980680028, 0.018158811752966963, -0.02021496461700467, 0.018466425039506573, -0.024139296837078716, 0.029689322187471445, 0.03770862280557208]",12.520390279255178
2018-10-31,3,sh600328 sh603129 sz002763 ,兰太实业 春风动力 汇洁股份 ,0.040374113961290314,"[0.0042433980339484645, 0.029217450193135708, 0.003544728598770863, -0.006558803359378751, -0.0026791694419407985, 0.005151973579910152, -0.00034598863666479573, 0.019889782591038685, 0.012855170706831398, 0.019053937316275693, 0.016873637169675382, 0.0015922157041885487, 0.007860160749020961, -0.03607492146815683, 0.013028569984945504, 0.002758348102591457, -0.044886852854975956, -0.006579511779573832, 0.009380111786492229, 0.008339760152294984, -0.02668733116480626, 0.013045618654493385]",13.025889943229657
2018-11-30,3,sh600328 sh603129 sz002763 ,兰太实业 春风动力 汇洁股份 ,-0.06074075600016371,"[0.023250200554710165, 0.026722329968667857, -0.010353288510599468, -0.024498332009460277, 0.0241569975170961, -0.0011206081671865098, 0.009779742936635527, -0.009113083015459766, 0.0005523118678640859, -0.02540940609064979, -0.003498907936146267, -0.00201871143693122, -0.01387691071640873, 0.00820665014213362, -0.008023395129002409, -0.00012661121903201344, -0.027683944389989557, -0.0044396660925202225, -0.021020009247435523, -0.0016704725822992428]",12.234687540502959
2018-12-28,3,sh600097 sh603129 sz002536 ,开创国际 春风动力 西泵股份 ,0.0814260537741518,"[-0.001709227960546733, -0.006745606306485907, 0.014295400675521375, 0.03102925989758676, -0.0038785467996714784, -0.0018805356326737632, 0.005394153570544624, -0.00021421545730992975, -0.006488145165767678, 0.02215657277067673, -0.00017741182193942162, -0.018085710796985732, 0.016807974488900035, 0.013078927396281914, 0.023777261777008007, 0.039790147504083384, 0.00015534963776264732, -0.0198567782323128, 0.005754392524833785, -0.022683930939354835, -0.001554573379200952, -0.007850815146955181]",13.230909866085899
2019-01-31,3,sh600097 sz002900 sz300241 ,开创国际 哈三联 瑞丰光电 ,0.19590709601996625,"[0.014032499438042523, 0.027061582894831293, 0.019037468020756565, 0.014211329617457524, -0.001553712009075947, 0.008773612800170305, 0.02924198294991376, 0.004690079016614224, 0.007082768560133346, -0.007354592580004926, 0.04388307220671295, 0.03669084547458645, -0.0037879378693513877, -0.016854342930533228, 0.006774865015809262]",15.822938995652708
2019-02-28,3,sh603129 sz000890 sz002536 ,春风动力 法尔胜 西泵股份 ,0.0590528322336763,"[-0.0020188598177225403, 0.014652162946683589, 0.030997566316425473, 0.010453187568845834, 0.012663839210423244, -0.06770065501753952, 0.026537611584715792, 0.010589472067890515, 0.005578591084940188, -0.04009061681178738, 0.018103894736900772, 0.034837441820787296, 0.022150265943009728, 0.022570808660550945, 0.021227747949191356, -0.021471402256468375, -0.032349511862824976, -0.02683659288677176, 0.006288119529429093, -0.01391847237028987, 0.03271322384076303]",16.75732835760668
2019-03-29,3,sh600328 sh603611 sz002536 ,兰太实业 诺力股份 西泵股份 ,0.010151436947013925,"[0.03369819936199514, 0.009057282769435515, 0.024172431423617358, 0.003695645360838551, -0.006715596833856807, -0.0019136756863376014, -0.0018369688728366862, 0.009477028945182209, 0.0009406948899821632, -0.020875985933952013, 0.002213979231518559, 0.01805752967533847, 0.006278475105696568, -0.006896347842331396, 0.0009925651164015559, -0.020089027598784948, 0.021872039341990446, -0.023331907182496336, -0.0017882318627987503, -0.03448462829098409, 0.00029405410548433153]",16.927439319829332
2019-04-30,3,sh603179 sz002182 sz002225 ,新泉股份 云海金属 濮耐股份 ,-0.04647601693092707,"[-0.057060646467761766, 0.007341418685289369, -0.009796109645850981, 0.004487141565022057, 0.03542515711355021, -0.01349103851422806, -0.005825083575014878, 0.013417941577085424, 0.013271519461410142, -0.048152478304547275, 9.3476896123601e-05, 0.02588774743735711, -0.013417917521848954, -0.03142996186483482, 9.948593030451036e-05, 0.01698604871146392, -0.002001597716877135, 0.00674650067784488, 0.021041002806950315, -0.006010600282925327]",16.140719363403704
2019-05-31,3,sz002206 sz002225 sz002918 ,海利得 濮耐股份 蒙娜丽莎 ,-0.024413386951948945,"[-0.011220178859743246, -0.01835497549621201, -0.0027360727883236624, -0.022164952780110214, 0.004296147695356245, 0.036173788766335147, 0.003571028546377697, 0.006985504172544177, -0.017997851263994225, 0.0009557476982113844, -0.008439320397690353, 0.01433782310978482, 0.015598645526849753, 0.006785609882990373, -0.007218051647388313, -0.014798391047787796, -0.005497932788054549, 0.009805250785110076, -0.012903341688550118]",15.746669735902115
2019-06-28,3,sz002206 sz002225 sz002258 ,海利得 濮耐股份 利尔化学 ,-0.04200174853345706,"[0.003991391490505203, -0.008163875704013002, -0.0058286479565374805, 0.0036913136904479504, 0.00287075500558287, -0.023535126157591124, 0.00015840792213062116, -0.009553495480313812, 0.00020856822917880713, 0.011427317042122409, 0.03055202912988597, 0.027045263697485167, -0.0024557088961849605, -0.014719355149799718, -0.010377751701201698, -0.03576742930048449, 0.011260857769567423, 0.0016968155489154313, 0.0036401496986158133, -0.0049565268363604975, -0.012160614823730098, 0.0023254856133076984, -0.011926701884411361]",15.085282073415355
2019-07-31,3,sz002206 sz002316 sz002918 ,海利得 亚联发展 蒙娜丽莎 ,0.056784988444164464,"[-0.011621312130176809, -0.021354951905574238, -0.016146096425410206, -0.04271254629910881, 0.01038098752397043, 0.0020126728216045553, -0.011076871667090815, 0.008572370919528671, -0.013689054861534933, 0.00807152518428933, -0.001252515940535881, 0.010833899160993976, 0.05582892269744222, 0.042514378567890976, -0.009782024094605601, 0.009974306829720891, -0.020310114187488848, 0.01600000753549069, 0.03693195673713312, -0.003330799495321668, 0.0105329912283465, 0.00010485257285086647]",15.941899641631208
2019-08-30,3,sh603129 sh603313 sh603393 ,春风动力 梦百合 新天然气 ,0.15478038329948074,"[0.045432303252341155, -0.005053711284710438, 0.0017143652218341021, 0.01901838171838066, -0.0011138501764997866, -0.0013590792323954215, -0.009255451107664348, 0.0063605391829533175, 0.028247480709240325, 0.018699415321893342, -0.0026249241242926047, 0.0156588083018927, 0.025285395346946293, -0.005392426481774515, 0.009858436293286532, -0.01817148288363568, -0.015988258254187593, 0.031773911942996946, 0.005570353054419108, -0.0016167928739345694]",18.409392978684743
2019-09-30,3,sh603313 sh603393 sh603808 ,梦百合 新天然气 歌力思 ,0.0793495609694217,"[0.0362611849881771, 0.019184122307803753, 0.019579591537254304, -0.004510028674229338, 0.014753040577060172, 0.019354537371431002, -0.013019444649255418, 0.008525305458671362, -0.025365969921809395, -0.045832824147496676, -0.022513870086972587, 0.004310438245218595, 0.040113085116174174, 0.008838083064665492, 0.011485720206214856, 0.017509937507883322, 0.0035255920296415333, -0.011611513261237216]",19.87017022925693
2019-10-31,3,sh603129 sh603808 sh603916 ,春风动力 歌力思 苏博特 ,0.051586101061302125,"[0.0012917039538746788, 0.04630941687106738, 0.02769423520031644, 0.03658693670823521, 0.004347411946911128, -0.0012986823068693587, -0.017523652859816052, 0.004417339664912756, 0.03147984050311159, -0.019183461316453765, -0.017043565862002064, 0.014402471725667887, 0.011961145140333418, -0.02557625408278219, -0.0056341763394629485, -0.028544018926270343, 0.009609831486083298, -0.008877994953162327, -0.0024301250673011143, -0.017171396124346594, 0.009770391874389439]",20.895194838808656
2019-11-29,3,sh603801 sh603916 sz002763 ,志邦家居 苏博特 汇洁股份 ,0.1725478871684878,"[0.011285797454038793, -0.001995412747976877, -0.000625969043597685, 0.016087213313348947, 0.004917831335912837, 0.00915238151767439, -0.0033736151970349404, -3.078089848118637e-06, -0.005991157363700261, 0.016706170764893447, 0.017471251763048645, 0.014497226415262743, 0.01621182322545045, 0.00848594059872898, 0.012128170479977385, -0.0028602870523350976, 0.009279206986487765, -0.007550394717517062, 0.0032454939309638497, 0.006271766541545931, 0.012708535824851763, 0.024508697773102384]",24.50061656021898
2019-12-31,3,sh603808 sh603916 sz002763 ,歌力思 苏博特 汇洁股份 ,-0.026611566368782702,"[0.01897480347232894, -0.007808180863816183, -0.005134171536275822, 0.03415704452079105, -0.022071586098920126, 0.03376950575771609, -0.0023230183222850975, 0.002067052996753249, 0.0002456000205384168, -0.006252098155572261, -0.002401231274615001, 0.03617967945583844, 0.00036625678107871096, -0.03191895550362012, -0.022833719025757704, -0.04776202891121173]",23.848616776550617
2020-01-23,3,sh603639 sh603808 sz002763 ,海利尔 歌力思 汇洁股份 ,0.06107865872869489,"[-0.004862854678740924, -0.016542176954018495, 0.022167718204047837, 0.017724246736461113, 0.001988449729889874, 0.04365684509753365, -0.009264782910579306, 0.018470895052026703, -0.005304281632625307, 0.011177484502218338, 0.05312483274078694, -0.024015042372380946, -0.02207346996031334, 0.027547178935400485, -0.009482259393966963, 0.0008297203667884112, -0.022187339476863688, -0.010250162886138559, 0.007454226265914965, -0.01632310822452432]",25.30525830179698
2020-02-28,3,sh603801 sh603916 sz002763 ,志邦家居 苏博特 汇洁股份 ,0.019823248621693823,"[0.06886933682459251, 0.05115596539165934, 0.04495820790269045, -0.0005908389850644014, -0.00698641381087961, -0.017581629640337604, 0.011774768214551035, -0.02314112760188225, -0.05012230185790134, -0.013732031605909634, -0.0736706321331122, 0.008626621009369728, -0.011998739782049683, 0.022698962440539594, 0.01766561295714042, -0.03777223391960005, 0.018317612872219335, 0.024633499067866493, -0.012113302988695507, 0.0222921881657534, -0.014782961417196594, 0.002561148364424115]",25.806890728549682
2020-03-31,3,sz000524 sz002641 sz002763 ,岭南控股 永高股份 汇洁股份 ,0.08060356530389079,"[0.0055324434908363695, 0.03466872038639868, -0.006453670785162013, 0.020250137763768494, 0.00670374526351547, 0.027114855531304105, 0.011391497174112253, 0.032979386820696455, -0.010565059571948865, -0.01747532492150361, -0.015555844052070666, 0.011172918003360177, 0.03759308636162517, 0.025195660460137992, 0.025924519157049408, -0.002726338248449145, -0.041854809308554786, -0.03933851515200182, -0.023275231995877, 0.0037051287846605607, -0.0019513837097955289]",27.88701813067871
2020-04-30,3,sh603588 sz002404 sz002641 ,高能环境 嘉欣丝绸 永高股份 ,0.06858961005097841,"[0.03079538141351823, 0.021691885929195243, 0.0017196273779118698, -0.0030536943552272877, 0.0016636752165439805, 0.0005980595624959228, -0.0008878599882897742, -0.010623834702815693, -0.00034771475596195867, 0.005226863433484663, -0.005418645395815824, 0.010389879379859579, -0.03262461879314926, -0.015272415838856412, 0.04272628547561563, 0.024820027334016448, 0.010389284639198637, -0.012622594113684382]",29.799777829746528
2020-05-29,3,sh600261 sh603588 sz002534 ,阳光照明 高能环境 杭锅股份 ,0.037236038116923886,"[0.019212711889512013, 0.019562291280284416, 0.0028174563477016967, -0.007408431690804407, -0.002838648354973272, -0.014229546788454672, 0.0012416699162551836, -0.0005816863960690366, 0.003627276234691612, 0.002881351366255114, -0.006760176490556158, 0.018654846702789385, 0.005047769769829236, 2.2113375704346794e-05, -0.006509491654727362, -0.011928375996129947, 0.005088913763074521, 0.015628559525791008, -0.011739188273942047, 0.005811206964609239]",30.90940349289083
2020-06-30,3,sh603916 sz000049 sz002641 ,苏博特 德赛电池 永高股份 ,0.20363153863749273,"[0.02071229865516555, 0.014557846994648793, 0.005597794523120481, 0.03134610072194355, 0.022850558313717295, 0.01494267779729408, 0.013267600100308918, -0.022379227990153794, 0.02933878330162698, -0.018207835726171684, -0.011359358115474838, -0.039542964427318195, 0.01644779894600079, 0.06822183046134134, 0.029416939542928677, 0.011302519580292936, -0.004618369424897906, -0.05934624349702711, 0.014963498620018223, 0.021215037480284193, 0.016285731205438525, 0.015815037830036793, 0.002779946805596678]",37.20353288451528
2020-07-31,3,sh600261 sz002404 sz002534 ,阳光照明 嘉欣丝绸 杭锅股份 ,-0.03427011309790973,"[0.007881673652288645, 0.013348972770277134, -0.005455377878246237, -0.005126802483305104, -0.0250509279326101, 0.02020132282848741, -0.03632943441979897, 4.6792253503236125e-05, -0.0013277662919878308, -0.002012001120305862, 0.024700753122306685, -0.007179675066980695, -0.008095378295688294, -0.013611671093750388, 0.0018894440996879425, 0.014128312415337296, 0.007682898809473926, -0.015907532375719513, -0.0046026938226291225, -0.00318895926243834, 0.005223671667060836]",35.92856360492114
2020-08-31,3,sh600731 sh603926 sz002225 ,湖南海利 铁流股份 濮耐股份 ,-0.04503110220294715,"[-0.004416033072656589, 0.011158280155841416, -0.012558675397288943, -0.005427220730048532, -0.0017289674977084557, 0.008004081303323085, -0.013126019462065375, -0.03845546977841041, 0.008892957120841816, 0.008223546430791373, 0.008609446491062434, 0.005662506422813074, 0.019715564501349814, 0.024087791857525742, -0.012476448347610192, -0.009770431379462208, 0.004741732846674118, -0.027043934301811845, -0.018155948514929632, -0.01860031836323861, 0.005925234255563794, 0.013266902773547695]",34.310660785222844
2020-09-30,3,sh600389 sh603385 sz002225 ,江山股份 惠达卫浴 濮耐股份 ,-0.061540304872612306,"[0.006289623539139866, 0.017828249907505977, -0.006701423943913487, 0.0024591167335057396, -0.011695472665493534, -0.014041589424829803, -0.0010144189023235661, -0.003408369037102177, -0.01636054163575784, 0.0006701253024772313, -0.024915990302453284, 0.014626940381267994, -0.010669819879602582, 0.002590648454951383, 0.007935583844355332, -0.025744590420870628]",32.19917226011945
2020-10-30,3,sh600731 sh603180 sh603926 ,湖南海利 金牌厨柜 铁流股份 ,0.04167415299670085,"[0.019722603385299298, -0.0013818511340878414, -0.004787740185383971, 0.01749823500733161, 0.0037915323421340297, 0.010136174112840735, -0.0122169308304525, -0.018971480159777343, 0.010575625561073165, -0.015444114575846046, 0.014218365030962188, -0.00947500864623263, 0.002825589967226483, -0.009671753518097459, 0.012018924236160577, -0.0006764637498110071, 0.006267786186843205, 0.010172048724944593, 0.01158226748970037, -0.002023720988487021, -0.00207345349622301]",33.54104549125479
2020-11-30,3,sh600285 sh603180 sh603926 ,羚锐制药 金牌厨柜 铁流股份 ,-0.10356014628365084,"[0.016273322732645257, -0.00283580979214082, 0.0005918343034476692, -8.583013276530771e-05, -0.013034038194438491, -0.0043326725590855375, -0.022195301508849186, -0.008376648251573249, -0.009197268631649047, 0.004248520206677542, -0.002272592503501758, -0.0003786671428270827, 0.00284886318008426, -0.014686234696990152, 0.0015424815089586374, -0.0272810976402047, 0.0004260621309821744, -0.028068496680070054, -0.006523577671177283, -0.020178515844050615, 0.007758394463364793, 0.0010845658737854702, 0.017217992274538352]",30.06752991367386
2020-12-31,3,sh600389 sh603180 sh603926 ,江山股份 金牌厨柜 铁流股份 ,-0.0072251139955248345,"[-0.005336056856127147, 0.00609924663465522, 0.0014065416739583725, -0.02529961259032698, 0.0014714026679905068, -0.010189283476788713, 0.03953271526392754, -0.0058979702053408856, 0.008879705510344449, 0.008296866482650378, 0.03228177696084433, -0.004029138193275439, 0.011009229078158711, -0.00795169238218607, -0.01817844435463567, -0.026243289351515653, 0.010160709836368742, 0.011902992398141299, -0.02821765849907798, -0.004021015431104891]",29.850288582483714
2021-01-29,3,sh600731 sh603926 sz002150 ,湖南海利 铁流股份 通润装备 ,0.0496371593198468,"[0.009276862988962353, 0.007704737135299178, -0.014376555448725292, -0.02017474029803179, 0.0036035758000074747, 0.004626586819989287, 0.012861543776368167, 0.011685773739913197, 0.015024457132853497, 0.03144980575587031, 0.005646307355529068, -0.009865326769383564, 0.00352197758096251, -0.013181041854125386, 0.0019471641457438071]",31.33197211259586
2021-02-26,3,sh600731 sh603926 sz002150 ,湖南海利 铁流股份 通润装备 ,0.06745759251840444,"[0.008345895670302417, 0.00020446161636655802, 0.026779827638907516, 0.001151073862473817, 0.008084267473230211, 0.015638453277537323, 0.029563529022958557, -0.03914696138999574, 0.008372391248452571, -0.006243533217815567, 0.003337309067950933, 0.031225774869752643, -0.007275902641177168, 0.004987349593692736, -0.0013457401348415665, 0.015015324172133804, -0.029290729523796855, 0.00799710604986048, -0.006142092655087916, 0.00198982042678697, -0.001997205760891796, -0.013435126651993645, 0.010548694444308504]",33.44555152016536
2021-03-31,3,sz002649 sz002879 sz300320 ,博彦科技 长缆科技 海达股份 ,-0.01674305090675665,"[-0.004287790571600669, -0.004140034973555529, 0.02217264826444576, 0.015965526756458015, -0.014433041125218371, 0.007210728508461495, -0.009599641541784276, -0.0025290203582912785, 0.030539996324634, -0.004702026410356663, 0.01364825999223962, 0.0027478093361013034, -0.020152434858097257, 0.0032083915209197844, -0.00017077710540402968, -0.014243489048818447, 0.004728904898015696, -0.012391720864098899, -0.010270139047453886, 0.0008083282679911541, -0.01922175426706141]",32.88557094845868
2021-04-30,3,sh603013 sh603197 sz002845 ,亚普股份 保隆科技 同兴达 ,0.030683105945762623,"[0.007429219914430352, 0.02021129420109813, -0.03122235970451348, -0.0019526561563988354, 0.021737204782143582, -0.0196220608203318, 0.011567090277330383, -0.010327396254614207, 0.0005086586604536869, -0.016833870407556684, 0.000934501597054771, 0.001654714920616085, 0.029854937772739287, -0.0003751192788460367, -0.0038483870838345036, 0.008023081787349451, 0.0024697751935873757, 0.011985945981350055]",33.89460240595713
2021-05-31,3,sh603013 sz002045 sz002845 ,亚普股份 国光电器 同兴达 ,0.07460653505810355,"[0.010623264924827236, -0.025751159063218565, 0.0046262912969641246, 0.004007143676104663, 0.03025542632377287, -0.011408296208532231, 0.0018114058366589525, -0.0033323291776652386, -0.01948785439529488, -0.013433951395967814, -0.009446522953530434, 0.011014613936390916, 0.020779208454678066, 0.026803875672118282, 0.018867502752843768, 0.038395393304078373, -0.004096484260097011, -0.01983496935095108, 0.003803245228122032, -0.005967818837221195, 0.01688288786129566]",36.423361248637654
2021-06-30,3,sh603013 sh603035 sz002845 ,亚普股份 常熟汽饰 同兴达 ,0.06266794324583036,"[0.0072624047555645, -0.00866119467360571, -0.015841599121547034, -0.028892686541481916, 0.016643168863658575, -0.006731459525193606, 0.01002699286970854, 0.012057613079788254, -0.004146272541771023, 0.029156048498749865, 0.02782389928440776, 0.027031003680831, 0.01035149749001607, -0.0005293523547387213, 0.007917713325219289, -0.008080304127743854, 0.012203484929129482, -0.00606252247767769, -0.025094870483651888, -0.011830507239978805, 0.04861793194690467, -0.028224315110579545]",38.70593838418966
2021-07-30,3,sh601199 sz000026 sz002840 ,江南水务 飞亚达 华统股份 ,0.045752204414867936,"[0.019341484743197856, 0.011401046975268336, -0.009892928847140658, 0.004229266852146862, 0.008181488485168309, 0.016299419000648907, 0.004668559586222143, 0.0029128593380689516, -0.00670142694118292, 0.003228012473448949, 0.011960854510518315, -0.018343835025675825, 0.013582347263900507, -0.013431573851424794, -0.003427274772276223, 0.012626467526591467, 0.007790429417790401, 0.010697619313437157, -0.004750083196446764, -0.014648452016171598, -0.016365517381323413, 0.006766093363560932]",40.476820389212385
2021-08-31,3,sh600336 sh600470 sz002803 ,澳柯玛 六国化工 吉宏股份 ,0.047241192392392994,"[-0.012218857053622467, 0.02375136883519935, 0.003546550539010873, -0.01098935497425757, 0.02187530678162375, 0.01804619586758127, -0.008126274645291254, -0.013611083095139809, 0.028300897315958418, 0.01081433772368423, 0.034749913798348686, 0.039950486388902196, 0.03999479779245485, 0.014536585454261841, -0.03399169768682986, -0.04062462581304005, -0.020386468261827773, -0.009214175594216445, -0.05412104075487245, 0.020951101233577907]",42.3889936486515
2021-09-30,3,sh600336 sh600470 sz002803 ,澳柯玛 六国化工 吉宏股份 ,0.07229696601185398,"[0.016677232059842506, 0.025579303120076835, -0.007309750218672306, -0.01591633615907584, 0.037350754015517795, -0.007994471384022539, 0.028241476970847, 0.011860295736338733, -0.017664026581144965, -0.005761045515173868, 0.07216635215754175, -0.005097412188246886, -0.04484370453620101, 0.0007153161481032733, -0.03865285451285638, 0.02707645194675412]",45.453589281744755
2021-10-29,3,sh600470 sh603617 sz300650 ,六国化工 君禾股份 太龙股份 ,0.10749400022926081,"[0.01939475085840514, -0.027607148450058183, -0.02881752908302626, 0.02540039511494241, -0.023971611862735887, 0.0014491167135715077, 0.055820945476361405, 0.04419062454336209, -0.01621643330899991, 0.003472717914710488, 0.005231531779693377, 0.030480458450956593, -0.010436382454518944, -0.016814770217745134, 0.008263299035230487, 0.007089923686251165, 0.022087412338906764, -0.009361664197377051, -0.004125553792609704, 0.01104487903041429, -0.015737573435533503, 0.027022942309820053]",50.33957741841735
2021-11-30,3,sh603408 sh603726 sz300650 ,建霖家居 朗迪集团 太龙股份 ,0.07838770896091729,"[0.008115119385097236, -0.002744199710724593, 0.006208762340058405, -0.00752900831097858, -0.005971522149065267, -0.0006274656514744237, 0.030693630445600695, -0.016267082223897722, -0.0036819333706026303, 0.02826173689663336, -0.01202009279497196, 0.008712878606018437, 0.062277487459300174, -0.0012020795575398147, 0.07140444944895785, -0.03638339676857261, -0.034855810468132575, -0.030831234700254395, -0.0006287022847213386, 0.005836706320973439, -0.012148798641790082, 0.05061592752062216, -0.02288176149473098]",54.28558156230781
2021-12-31,3,sh603180 sh603408 sh603726 ,金牌厨柜 建霖家居 朗迪集团 ,-0.1059339288220883,"[-0.0016173493469063827, -0.0087890783891863, 0.013023214385504245, -0.009110988352755145, 0.007149533749599035, 0.004939405689734944, 0.007473090229314749, -0.014229916651046115, -0.017925804412049717, 0.0051143354696676635, -0.010666847764267073, 0.011727916952105844, -0.021159612286240304, 0.0036749599475589534, -0.010085419474078594, -0.04630381902838976, 0.0038480249294146063, -0.03334656940944025, 0.006935415862359129]",48.53489662902063
2022-01-28,3,sh603408 sh603726 sz300650 ,建霖家居 朗迪集团 太龙股份 ,0.037170097814248404,"[-0.006317529457390725, 0.009208858239459383, 0.0070682501410395115, -0.010587004252569865, 0.018570167967534745, 0.04078488337328712, -0.020344425931864918, 0.04097427132230824, 0.0029654592291941118, 0.02648401201114159, 0.019879605948451617, -0.033168746936000026, -0.02095823079741088, -0.029201428630857396, 9.504189484532688e-05, -0.005029796774529083]",50.338943484125764
2022-02-28,3,sh603408 sh603726 sz300650 ,建霖家居 朗迪集团 太龙股份 ,-0.05999041280085948,"[0.001377372865555504, -0.004537500956655505, -0.011072530423763993, -0.00493937010020018, -0.01189875598202561, -0.018717663692612962, -0.01547229819977991, 0.006923352519098147, 0.01434187960887412, -0.03385369466103705, -0.06070391333693492, 0.02836730724364611, 0.01819538008546462, 0.013637253700748309, 0.02140476371755695, 0.0009694633816277332, 0.007720669846184691, -0.010460404329536876, -0.0149647934054713, -0.01397303566842878, -0.008047921000509217, 0.03298114736824598, 0.0056999824406058774]",47.31908948455392
2022-03-31,3,sh603408 sh603726 sz300218 ,建霖家居 朗迪集团 安利股份 ,-0.09814444161652403,"[-0.0032313381812258957, 0.01113211597266961, -0.031024147648150313, -0.011986004327637412, -0.027201150573261113, 0.020809993840288143, -0.023209826484304363, 0.06667140754304013, -0.03320509777525893, 0.017094942189827433, 0.029232939505882127, -0.00469037363100866, -0.045835127812226206, 0.0004263822846570786, -0.08315396153021792, -0.019559143249534228, 0.022803900820915546, -0.015755333008370176, 0.03817175884290869]",42.674983869290045
2022-04-29,3,sh603183 sz002184 sz002315 ,建研院 海得控制 焦点科技 ,0.06486409639479152,"[0.0020976115959379094, 0.0037728823227380914, 0.01343679021830635, 0.022688461233145052, 0.012378668725297137, 0.042234561817519056, 0.003952782142710554, 0.028737516710095612, -6.260201131902399e-05, 0.01971314275270175, -0.01342492250773486, -0.010853197209456433, -0.02444650859827291, -0.060247614025113805, 0.00886024435791355, 0.0055492450480532085, 0.018331569601156783, -0.011207440325697315, 0.0058827470777418345]",45.443058136633844
2022-05-31,3,sh600097 sh603283 sz002889 ,开创国际 赛腾股份 东方嘉盛 ,0.012602451657063751,"[-0.015386187366813187, -0.0038709797765511533, 0.010603760524374284, -0.0077583565303505075, -0.0029968265073866407, -0.019108668183579258, 0.007104480989388984, -0.004641086158662544, -0.0054599618580841724, -0.003190611268369281, 0.01306920867336303, -0.0029911803513009705, 0.006647870950019508, -0.006690531548087519, -0.0217596063340616, 0.01943725264393459, 0.02023697654229828, 0.0016256188082341971, 0.018812159772367165, 0.010740664741849093, -0.00044584996721397374]",46.01575207994991
2022-06-30,3,sh603283 sh603890 sz002889 ,赛腾股份 春秋电子 东方嘉盛 ,0.15155717994119877,"[0.032538977065498687, -0.012715252322590076, -0.025134835580801207, -0.0033246939850543056, -0.020569617749683577, -0.0006479403475472267, -0.021889574156170766, -0.02113688837430261, 0.013401168502565008, 0.010249494285896166, -0.007719883463289889, 0.02572276608219659, 0.016149643488340137, 0.043334863461422124, 0.03181881944636711, 0.03588194399987077, 0.00566710785533453, -0.015059901393087993, 0.03219059840276772, 0.0450941523073598, -0.01669638368379045]",52.98976969806047
2022-07-29,3,sh603890 sz300721 sz300723 ,春秋电子 怡达股份 一品红 ,0.08772608763625356,"[-0.0035309656088176045, -0.05022317649447894, 0.012079630397756613, 0.022170015886499472, 0.013045179668720541, 0.016629407664200624, 0.013163431084476374, 0.05493299715365452, 0.026845936533863357, 0.02468864599677123, -0.012820127004649295, 0.0007949655390142585, -0.009117184461212013, 0.007902902174715676, -0.02787777312146167]",57.63835487841742
